country_tag	r	g	b
AAC	158	50	168
AAD	140	109	140
AAI	191	237	138
AAL	111	232	111
ABA	255	69	255
ABB	70	117	98
ABD	65	171	191
ABL	81	148	7
ABT	68	117	80
ABV	158	78	74
ABW	219	148	70
ACA	151	183	204
ACH	84	177	214
ACL	45	28	255
ACO	113	145	116
ACW	84	145	117
ACX	110	102	82
ADA	145	70	130
ADG	84	161	79
ADH	222	151	49
ADO	212	184	178
ADR	204	94	47
AFA	125	100	222
AFR	228	202	232
AGC	19	191	118
AGH	191	84	63
AGJ	38	22	110
AGN	161	130	45
AGW	161	88	109
AHI	242	199	189
AHO	222	176	33
AHT	212	49	69
AHU	143	129	199
AHY	68	149	150
AIM	186	108	93
AIS	171	9	161
AIT	209	19	28
AIX	185	128	232
AJC	142	141	217
AJU	230	240	255
AKG	218	237	95
AKI	242	191	222
AKJ	70	102	81
AKM	138	196	237
AKN	232	39	50
AKR	252	154	179
AKT	201	84	83
AKU	151	222	212
AKW	105	17	143
AKY	32	168	45
AKZ	212	59	151
ALA	119	109	143
ALB	186	98	45
ALC	235	252	252
ALE	163	116	227
ALG	232	227	109
ALI	255	184	230
ALL	201	190	14
ALN	222	200	11
ALO	136	145	181
ALS	247	224	15
ALT	90	22	130
ALU	145	101	16
ALY	126	145	84
AMA	135	87	189
AMB	44	232	176
AMD	91	181	91
AME	237	128	221
AMG	186	205	247
AMH	67	153	6
AML	237	160	128
AMN	81	219	156
AMP	128	191	194
AMR	212	129	110
AMT	126	252	154
ANB	179	178	5
ANC	166	71	80
ANG	156	65	224
ANH	204	92	123
ANI	97	15	25
ANJ	199	50	53
ANK	129	212	188
ANL	219	167	118
ANM	171	49	29
ANN	85	107	171
ANR	105	115	55
ANS	130	77	119
ANT	8	87	150
ANU	201	197	123
ANZ	144	224	170
AOS	150	100	90
APA	5	230	83
APD	95	201	115
APR	201	212	21
AQN	31	144	204
AQU	34	30	176
ARA	168	67	71
ARB	32	120	58
ARD	153	255	255
ARG	45	47	156
ARI	232	201	190
ARK	214	213	152
ARM	145	29	75
ARN	112	61	75
ARR	67	166	50
ARS	230	135	218
ART	196	54	24
ARU	90	150	69
ARW	255	199	18
ARZ	107	107	107
ASA	56	181	140
ASC	255	238	0
ASD	222	60	40
ASH	245	194	188
ASL	145	120	80
ASN	55	47	97
ASO	222	160	222
ASP	5	110	5
ASR	119	114	212
AST	255	245	110
ASY	20	130	80
ATB	159	145	217
ATC	97	0	41
ATF	255	243	128
ATG	145	102	112
ATH	45	84	173
ATI	139	141	214
ATJ	88	138	173
ATK	245	190	154
ATL	147	191	170
ATM	201	187	141
ATO	182	138	209
ATP	151	164	252
ATQ	148	214	156
ATR	25	26	156
ATT	155	188	222
ATV	133	116	111
ATZ	154	255	54
AUD	242	34	51
AUG	19	189	118
AUM	153	153	153
AUV	219	156	75
AUX	101	116	207
AVA	42	176	102
AVR	40	145	212
AVY	214	137	198
AWA	102	102	20
AWO	252	184	159
AWS	237	185	130
AXC	255	162	133
AXO	242	145	232
AYA	51	156	140
AYD	255	150	38
AYO	250	247	255
AZF	212	242	131
AZL	218	242	128
BAA	255	222	191
BAC	222	166	69
BAD	22	90	130
BAG	28	201	146
BAI	181	90	14
BAK	0	153	28
BAM	200	219	195
BAR	179	163	143
BAS	145	139	102
BAU	17	137	138
BBA	184	227	129
BBD	140	109	191
BBG	77	40	99
BBK	169	252	174
BCH	204	161	78
BCN	148	35	15
BDE	118	163	67
BDK	53	33	176
BDS	97	71	47
BEA	197	217	195
BEI	240	209	58
BEN	109	173	129
BER	85	65	217
BES	150	48	201
BET	132	219	165
BEZ	232	176	137
BFN	179	118	52
BFR	172	213	250
BGG	122	61	10
BGI	97	11	47
BGJ	61	224	9
BGK	125	14	150
BGL	133	52	76
BGN	186	60	166
BGR	145	22	85
BHA	156	45	66
BHD	217	202	13
BHL	212	181	140
BHM	171	161	130
BHN	201	196	58
BHP	80	179	138
BHT	54	54	255
BIA	35	158	123
BIB	0	104	171
BID	139	138	161
BIM	176	45	181
BIN	144	222	149
BIO	61	123	191
BIR	106	117	101
BIT	191	172	86
BJA	169	232	180
BJG	81	111	196
BKT	151	30	214
BKZ	212	129	212
BLA	0	247	64
BLB	180	119	242
BLD	237	57	123
BLE	97	97	97
BLG	184	219	0
BLI	201	96	73
BLL	122	48	112
BLM	171	161	99
BLN	171	80	80
BLO	79	38	97
BLS	14	40	204
BMB	135	237	225
BMK	90	68	150
BMP	154	239	252
BMR	77	65	40
BMS	149	201	252
BNA	232	44	98
BNB	150	214	212
BND	23	116	145
BNE	145	86	70
BNI	130	39	120
BNL	45	161	141
BNT	13	98	166
BNY	176	23	66
BOD	70	204	61
BOH	163	141	39
BOI	226	163	227
BOL	201	28	69
BON	163	40	24
BOR	36	97	97
BOS	230	199	87
BOU	0	141	166
BOW	207	14	75
BPR	156	2	21
BQA	111	130	111
BQL	255	204	0
BRA	125	91	91
BRB	118	194	153
BRC	140	39	39
BRD	201	176	58
BRE	33	101	138
BRG	242	207	141
BRI	119	99	153
BRK	168	247	179
BRL	161	89	186
BRM	32	101	150
BRN	219	161	112
BRO	55	128	230
BRR	252	213	71
BRS	81	0	107
BRT	69	130	181
BRU	117	93	39
BRY	255	165	110
BRZ	51	242	105
BSC	191	196	100
BSD	191	156	59
BSG	214	186	109
BSH	132	204	10
BSK	222	181	100
BSM	24	71	102
BSP	47	61	97
BST	19	49	214
BTE	29	191	191
BTG	59	69	191
BTI	232	121	145
BTL	156	235	115
BTN	209	203	29
BTS	222	58	58
BTU	128	224	237
BUB	199	34	95
BUD	150	69	69
BUG	21	21	230
BUL	242	242	211
BUR	148	28	69
BUS	161	45	80
BUU	20	191	15
BVK	130	90	60
BWL	212	186	8
BXJ	201	133	77
BXN	48	242	159
BYG	120	150	119
BYM	164	212	222
BYZ	121	52	140
BZG	232	151	49
BZH	140	110	90
BZN	224	29	149
BZU	91	107	117
CAA	143	27	80
CAB	25	72	97
CAD	128	32	29
CAE	55	99	92
CAG	110	110	110
CAM	133	194	120
CAR	72	181	171
CAS	235	141	12
CAT	191	60	2
CAU	232	194	255
CAV	91	181	141
CAX	46	189	45
CBA	45	78	97
CBC	7	192	219
CBD	80	105	138
CBH	97	35	88
CBK	150	150	29
CBO	122	61	0
CBY	110	15	34
CCH	212	186	152
CCL	127	235	200
CCN	158	74	121
CCP	127	250	197
CCT	212	85	153
CCY	111	95	153
CDC	189	13	60
CDD	120	191	115
CDL	247	247	220
CDN	161	175	255
CEB	43	217	43
CEM	13	148	222
CEN	214	0	0
CEP	201	10	82
CER	70	130	60
CES	115	111	111
CET	189	87	130
CEV	255	216	0
CEW	128	150	209
CFC	171	130	99
CFN	240	228	175
CFQ	237	33	51
CGU	70	240	160
CGY	150	59	59
CGZ	61	112	50
CHA	54	153	153
CHB	214	79	155
CHC	19	237	84
CHD	166	168	29
CHE	121	153	86
CHG	87	92	105
CHH	237	222	59
CHI	150	156	59
CHJ	76	188	207
CHK	105	171	199
CHL	181	15	14
CHM	38	124	128
CHN	224	63	107
CHO	74	97	50
CHP	168	126	156
CHR	191	191	191
CHS	168	177	255
CHT	95	97	11
CHW	28	187	252
CHX	189	55	178
CHZ	96	36	97
CIC	250	40	85
CIH	191	247	173
CIL	143	27	73
CIM	12	186	242
CIN	212	4	30
CIR	41	107	16
CJK	237	133	178
CJO	91	151	227
CKL	212	44	60
CKO	255	113	64
CKP	96	153	17
CLA	241	227	255
CLC	128	224	223
CLE	74	74	186
CLG	102	52	49
CLI	161	176	97
CLL	195	214	186
CLM	199	149	20
CLP	25	14	176
CLQ	247	156	10
CLR	22	113	158
CLS	172	230	227
CLT	55	217	0
CMA	106	153	6
CMG	18	45	107
CML	54	86	209
CMN	69	133	62
CMO	240	67	70
CMR	126	171	146
CMS	135	242	58
CNA	107	75	45
CNC	209	240	17
CND	179	116	61
CNH	81	86	97
CNK	219	43	20
CNL	33	71	112
CNN	47	89	97
CNO	98	125	128
CNP	255	173	201
CNR	191	160	19
CNT	71	122	61
CNV	209	31	103
COC	195	237	90
COG	70	86	117
COI	58	18	222
COL	62	97	90
COM	232	65	65
CON	191	174	207
COO	22	34	145
COP	121	134	140
COR	105	179	45
COT	153	8	8
COW	103	163	147
COY	222	221	131
CPA	143	107	16
CPN	146	222	173
CPQ	180	184	6
CPU	110	186	153
CRA	198	130	245
CRH	201	185	38
CRI	58	158	125
CRJ	219	11	174
CRK	131	212	242
CRL	125	44	66
CRM	219	202	53
CRN	107	107	107
CRO	175	230	94
CRR	240	192	22
CRT	140	111	132
CSA	204	10	65
CSB	163	41	119
CSH	140	169	184
CSI	226	255	158
CSK	117	76	62
CSM	255	164	133
CSO	153	50	50
CSQ	242	119	196
CSU	230	62	62
CTC	129	228	252
CTE	255	255	173
CTG	218	235	14
CTI	46	48	97
CTL	214	148	153
CTM	207	83	88
CTN	16	6	99
CTO	143	144	191
CTR	53	99	20
CTT	158	128	111
CTW	31	150	153
CTX	196	179	161
CTZ	138	232	135
CUA	176	127	0
CUC	33	97	76
CUI	101	224	129
CUL	42	65	122
CUO	126	161	252
CUT	169	207	207
CUU	153	242	157
CUZ	166	143	227
CVN	194	153	56
CWM	28	64	97
CXI	140	184	154
CYA	157	199	224
CYC	112	87	53
CYP	8	130	93
CYS	149	16	161
CZK	224	164	189
CZL	142	173	156
DAA	231	232	21
DAH	11	85	181
DAI	138	118	91
DAJ	176	12	12
DAM	245	107	0
DAN	191	69	69
DAU	92	196	122
DAW	132	195	224
DBD	21	99	41
DBE	6	138	48
DCI	133	90	76
DCN	99	130	99
DDI	30	71	107
DEG	201	64	141
DEN	58	58	242
DFN	160	242	227
DGB	173	162	31
DGE	111	232	213
DGL	191	25	25
DGR	145	60	45
DHB	163	132	47
DHF	181	100	120
DHJ	181	49	79
DHK	112	112	112
DHM	169	59	173
DHU	100	112	98
DIE	237	90	91
DIL	199	107	164
DIM	212	176	19
DIS	181	141	110
DIT	71	196	214
DJE	255	132	13
DLH	158	201	40
DLN	69	110	130
DMB	255	54	54
DMI	191	191	191
DML	153	255	153
DMS	181	89	89
DNB	103	145	67
DNE	101	173	113
DNG	242	128	128
DOE	8	207	162
DOG	125	15	44
DOI	97	63	31
DOM	45	116	181
DPH	82	112	55
DRA	209	0	46
DRE	255	230	110
DRG	196	191	49
DRP	128	29	79
DRU	204	65	88
DRW	119	201	136
DSN	156	54	54
DTE	105	179	119
DTI	232	152	79
DTM	230	108	139
DUL	232	255	217
DUN	64	66	97
DUR	191	65	50
DWG	105	171	75
DWS	33	93	145
DYG	97	61	122
DYN	104	104	166
DZH	161	34	100
DZK	156	65	50
EGL	222	71	132
EIC	61	99	65
ELA	82	82	250
ELL	201	151	91
ELY	87	130	73
EMA	59	150	130
END	0	57	186
ENG	242	52	46
ENN	214	191	36
ENY	160	232	211
EPI	109	147	237
ERA	101	45	138
ERB	230	227	161
ERE	252	201	68
ERF	135	22	130
ERI	239	242	191
ERM	97	132	201
ESS	217	178	187
ETA	214	64	64
ETH	55	120	191
ETZ	182	127	240
EUD	199	166	99
EUF	219	141	132
EVE	104	131	179
EVK	28	100	201
EVR	65	4	140
EVS	161	120	90
EWY	242	138	34
FAB	0	157	227
FAE	7	12	219
FAL	142	142	250
FBG	242	199	231
FCB	0	162	232
FCL	97	125	67
FDL	98	150	41
FEL	232	50	30
FEO	75	9	97
FER	98	138	37
FEZ	13	102	14
FIN	153	173	204
FLA	42	142	173
FLD	67	105	89
FLK	191	131	120
FLO	207	85	85
FLY	230	230	230
FMA	56	125	88
FMB	161	59	143
FMN	222	89	130
FNJ	169	7	230
FOI	105	106	184
FRA	33	33	173
FRE	242	255	138
FRI	0	128	255
FRM	66	173	81
FRN	245	202	32
FRT	247	12	35
FRZ	212	150	34
FUL	247	136	25
FUR	192	232	121
FZA	114	179	153
FZH	106	81	196
GAL	102	102	102
GAM	5	97	9
GAR	23	122	116
GAU	222	141	40
GAY	162	86	179
GAZ	98	186	252
GBH	194	174	132
GBS	255	233	214
GCH	219	127	219
GCV	171	147	75
GCZ	101	22	130
GDA	46	78	97
GDD	255	176	176
GDW	17	35	242
GED	72	65	204
GEL	140	66	97
GEN	219	216	55
GEO	191	34	36
GFS	54	133	217
GGX	80	135	125
GHA	255	139	23
GHL	45	99	22
GHR	224	146	112
GJJ	156	168	39
GLA	199	82	196
GLC	242	168	131
GLE	37	161	66
GLH	207	158	45
GLI	230	53	242
GLM	189	42	75
GLN	176	140	114
GLO	90	52	179
GLR	220	230	60
GLS	47	204	204
GLU	59	130	135
GLY	72	163	184
GMG	46	242	62
GMK	94	204	204
GNG	29	115	161
GNJ	91	201	116
GNN	84	84	196
GNV	201	32	50
GOA	165	168	114
GOB	25	232	21
GOL	194	179	126
GOR	39	49	140
GOS	89	45	150
GOW	191	151	34
GRA	211	222	175
GRF	160	116	184
GRG	232	121	30
GRK	201	150	109
GRL	255	59	116
GRM	199	81	58
GRR	156	235	63
GRS	76	173	77
GRT	207	130	217
GRY	171	140	109
GSW	247	198	146
GTO	181	100	60
GUB	161	10	10
GUC	115	20	34
GUG	201	176	109
GUL	155	191	147
GUM	176	227	232
GUO	16	38	97
GUR	200	207	10
GUV	50	3	97
GUX	97	6	17
GUY	159	237	225
GWA	153	237	145
GWI	97	70	28
GWL	59	156	136
GWR	58	227	242
GWT	57	120	56
GWY	163	199	30
GYA	97	85	41
GYE	64	97	31
GYO	30	247	55
GYP	53	117	232
GYT	191	145	130
GZH	242	90	202
HAA	97	31	75
HAB	222	222	222
HAC	171	140	99
HAD	120	24	20
HAG	176	140	120
HAI	103	61	186
HAL	125	34	46
HAM	230	96	7
HAT	128	237	222
HAW	170	152	227
HBG	107	41	41
HBN	173	90	71
HBR	252	229	15
HBS	217	182	200
HCH	194	62	114
HCI	134	163	136
HCK	125	9	179
HCR	156	149	2
HDA	203	54	214
HDH	227	242	211
HDN	217	95	95
HDR	191	191	90
HDY	182	217	24
HEH	181	130	80
HEI	50	70	171
HEL	125	72	75
HES	114	173	186
HEZ	181	114	166
HGO	0	153	69
HGY	20	86	179
HHB	199	8	116
HHK	6	58	115
HHP	9	171	100
HIE	242	222	19
HIG	232	49	212
HIR	97	9	41
HIT	107	86	28
HJN	255	0	255
HJZ	147	219	153
HKK	54	156	54
HKM	29	151	161
HKR	224	109	13
HKZ	93	97	36
HLA	76	50	87
HLE	181	140	100
HLF	191	140	99
HLG	122	91	29
HLK	24	186	34
HLL	209	73	181
HLM	150	24	24
HMD	112	117	93
HNA	205	184	214
HNB	235	193	52
HNE	235	150	122
HNK	230	78	102
HNM	242	242	191
HNO	209	190	174
HNV	125	66	44
HNY	255	54	154
HNZ	201	22	33
HOH	171	120	89
HOI	12	199	12
HOL	222	138	55
HON	110	230	149
HOP	158	146	0
HOR	99	109	130
HOX	245	194	37
HOY	240	240	77
HPL	242	201	201
HPP	237	107	205
HQG	49	171	181
HQQ	171	131	75
HRB	201	14	14
HRC	148	230	69
HRG	112	101	107
HRL	216	222	27
HRN	166	15	60
HSA	255	31	31
HSC	136	56	224
HSE	222	60	104
HSF	115	174	245
HSI	186	146	252
HSK	49	105	70
HSL	237	12	28
HSN	235	179	28
HSP	212	141	80
HSR	242	80	70
HST	64	237	91
HTA	70	232	80
HTK	105	130	26
HTN	237	57	224
HTR	222	151	159
HTS	21	79	2
HTY	242	107	17
HTZ	242	177	218
HUA	62	32	145
HUL	219	112	147
HUN	153	84	91
HUT	96	97	28
HUX	189	214	169
HVB	24	73	135
HWE	0	201	255
HYC	131	247	199
HYM	128	102	75
HYT	41	107	117
HZH	191	191	140
HZN	255	255	255
HZP	208	214	47
HZR	145	87	148
IAS	36	58	125
IBL	81	29	122
ICE	42	59	117
ICM	4	36	102
IDR	30	102	189
IFA	227	209	70
IFE	97	47	71
IGR	58	201	58
IHB	156	156	156
IIX	227	222	104
IJB	97	31	63
IJE	217	185	180
IJO	237	212	47
IJS	212	183	174
IJU	130	14	29
IKE	179	140	109
IKW	152	219	237
ILC	217	25	20
IMA	115	115	59
IME	35	131	247
IMG	222	205	22
IMO	0	117	201
INA	209	163	157
INH	128	153	209
INI	153	125	161
INJ	255	196	229
INO	245	220	213
INR	29	150	54
IRD	191	147	148
ISA	232	60	70
ISD	222	20	55
ISE	150	75	20
ISH	186	185	155
ISK	232	232	109
ISL	245	233	188
ISO	252	184	179
ISW	181	232	232
ITO	89	94	97
ITZ	92	237	191
IUW	240	176	38
IVG	42	209	167
IWS	201	68	186
IXA	181	151	207
IXL	69	31	148
IXT	154	177	237
IYA	212	152	178
IZC	138	255	225
IZO	194	242	128
IZT	97	59	15
JAL	237	168	182
JAP	163	31	65
JAW	88	66	97
JBL	64	90	201
JEC	240	234	170
JER	161	110	47
JEV	140	110	100
JFN	219	212	31
JGP	176	84	105
JHI	175	201	195
JIZ	64	171	24
JJK	235	127	21
JKR	146	171	44
JLM	54	255	54
JLO	232	237	175
JLR	145	32	74
JLW	237	204	19
JLY	102	30	24
JMB	224	230	193
JNG	199	229	237
JNT	60	161	45
JOA	222	90	4
JOL	217	217	126
JOV	49	102	80
JPO	216	232	35
JRG	214	86	178
JRN	0	128	13
JRW	179	103	4
JSI	207	105	141
JSK	194	76	14
JSL	119	153	122
JUL	105	80	33
JUR	207	43	58
JUS	124	252	0
JUX	141	177	204
JWR	158	40	42
KAB	36	27	97
KAD	31	70	97
KAG	181	49	161
KAI	201	109	150
KAL	149	184	2
KAM	184	0	105
KAN	46	193	242
KAQ	75	136	191
KAR	90	161	191
KAS	13	101	255
KAU	149	179	201
KAW	204	17	247
KBD	237	206	207
KBK	100	191	80
KBN	207	111	93
KBO	29	132	163
KBR	179	255	184
KCH	111	214	111
KCN	232	65	100
KDA	42	108	219
KDO	35	30	186
KDU	214	69	117
KDW	0	176	2
KEB	95	103	227
KED	171	72	67
KEE	120	107	67
KEL	255	255	54
KEN	171	156	38
KER	163	28	58
KET	255	153	177
KGK	112	66	45
KGN	0	255	60
KGR	97	71	51
KHF	150	80	90
KHG	69	156	161
KHK	76	13	163
KHM	127	181	60
KHN	101	122	214
KHR	97	94	77
KHS	207	39	65
KHT	102	71	41
KHU	66	252	63
KHZ	209	251	255
KIA	151	209	161
KIC	93	34	191
KID	104	131	173
KIE	80	123	212
KIH	245	166	5
KII	140	145	105
KIL	134	135	49
KIM	89	79	161
KIO	242	173	99
KIP	143	107	117
KIR	201	161	212
KIT	255	225	56
KIW	115	53	52
KJA	237	204	2
KJK	232	191	181
KKA	27	245	224
KKC	250	185	97
KKE	218	79	219
KKG	178	115	222
KKH	4	222	13
KKL	153	153	255
KKR	166	30	176
KKW	150	99	171
KLA	89	58	232
KLB	171	29	151
KLE	175	179	114
KLG	115	130	201
KLH	92	184	140
KLI	77	102	45
KLL	127	40	250
KLM	74	255	80
KLN	120	102	148
KLP	237	252	149
KLR	255	90	54
KLS	97	26	90
KLT	189	21	64
KLU	97	72	23
KLW	40	28	166
KMA	201	181	91
KMG	207	87	112
KMK	87	25	92
KML	81	20	122
KMM	191	13	13
KMN	105	74	148
KMP	214	237	111
KMT	84	186	120
KMU	50	105	166
KNA	201	121	196
KNB	176	99	69
KND	138	21	129
KNE	19	151	171
KNG	137	98	191
KNI	105	126	184
KNK	40	209	139
KNO	21	95	133
KNT	86	92	112
KNW	25	122	15
KNZ	255	133	59
KOD	112	21	32
KOJ	211	232	211
KOK	64	75	97
KOL	84	125	47
KOR	25	52	179
KOS	120	185	235
KOT	242	65	139
KOU	252	130	48
KOW	55	119	212
KOZ	150	20	60
KPK	104	232	199
KPL	37	154	196
KRA	97	86	86
KRD	214	227	157
KRI	191	90	90
KRK	23	255	42
KRL	209	252	20
KRM	23	179	26
KRN	212	30	50
KRP	181	181	60
KRR	2	179	85
KRT	130	168	224
KRW	48	179	170
KSA	89	191	54
KSH	97	16	16
KSI	156	79	89
KSK	65	128	50
KSN	227	9	9
KSP	7	173	83
KST	82	230	242
KSW	97	44	41
KTB	115	106	110
KTG	69	89	186
KTK	42	139	168
KTL	38	41	97
KTN	45	31	209
KTO	85	171	90
KTS	147	250	196
KTT	58	69	201
KTU	173	140	158
KTW	191	90	191
KTZ	180	45	189
KUB	156	227	247
KUI	30	187	201
KUK	255	244	0
KUN	230	163	168
KUR	98	137	153
KUS	195	130	209
KUT	214	83	54
KUY	161	59	130
KVE	125	100	85
KWA	50	25	176
KWY	235	191	99
KYA	214	212	19
KYB	219	212	255
KYK	227	175	199
KZK	232	86	86
KZY	65	184	224
LAC	225	237	190
LAM	148	96	148
LAN	255	245	189
LAT	189	189	189
LAU	79	140	99
LAV	49	100	176
LBA	58	11	115
LBB	149	189	201
LBO	50	150	70
LBV	34	222	242
LCA	101	131	252
LCK	40	130	20
LCU	164	168	237
LCY	61	122	0
LCZ	232	140	93
LDA	201	150	79
LDB	255	221	15
LDU	114	30	230
LEG	242	135	10
LEI	0	97	38
LEK	201	110	48
LEU	217	184	147
LGC	198	151	219
LGE	207	217	20
LGK	60	145	100
LGQ	59	161	59
LGT	217	74	94
LGZ	55	117	40
LHJ	120	90	130
LHL	67	97	19
LHN	171	48	65
LHQ	77	30	199
LHT	108	47	130
LIC	191	121	80
LIE	149	186	35
LIG	15	115	125
LIM	181	110	110
LIN	15	122	102
LIP	47	79	97
LIT	156	68	117
LIV	128	29	102
LJG	176	60	90
LKT	252	194	3
LLG	196	98	169
LLN	124	119	161
LLS	109	130	171
LMN	212	191	15
LNA	74	93	130
LNC	177	204	92
LND	227	160	77
LNG	176	115	44
LNK	121	40	181
LNN	0	188	252
LNO	151	60	171
LOI	0	107	106
LOL	39	39	150
LON	99	14	87
LOO	128	91	29
LOR	116	143	207
LPG	100	130	79
LPP	21	84	150
LRT	212	15	91
LSA	95	32	110
LST	196	100	33
LTN	161	171	171
LTU	14	14	232
LUB	157	181	191
LUC	161	59	29
LUN	136	109	148
LUP	240	69	247
LUR	29	181	39
LUW	133	134	199
LUX	52	140	72
LWA	181	114	2
LXG	60	166	20
LYA	230	50	223
LZI	119	181	201
LZO	145	115	94
MAA	158	219	222
MAB	20	46	133
MAC	34	172	242
MAD	10	156	199
MAE	89	86	179
MAG	191	116	99
MAI	179	145	86
MAJ	201	26	53
MAK	186	81	52
MAL	255	255	184
MAM	191	129	46
MAN	191	82	100
MAO	49	232	127
MAR	196	150	120
MAS	132	127	181
MAT	219	156	209
MAU	25	97	84
MBA	171	53	53
MBD	33	78	150
MBL	219	69	222
MBT	212	172	78
MBZ	102	191	23
MCC	164	237	90
MCG	2	232	41
MCI	120	156	196
MCM	237	187	187
MCN	72	154	212
MCT	8	194	207
MCX	54	85	179
MDA	191	136	161
MDI	214	176	54
MDM	189	45	45
MDN	133	201	150
MDR	97	73	60
MDS	181	150	119
MDY	209	145	54
MEC	255	214	184
MED	23	115	60
MEI	58	176	61
MEM	212	36	56
MEN	255	181	153
MET	134	138	191
MEW	140	132	21
MFA	173	111	75
MFE	29	143	240
MFK	128	128	128
MGD	120	32	29
MGE	181	242	131
MGG	171	114	104
MGK	86	117	122
MGM	70	171	105
MGN	181	186	39
MGT	212	150	140
MGU	147	86	179
MHA	171	121	80
MHC	212	131	127
MHK	135	181	114
MHL	179	9	148
MHN	196	49	130
MHT	174	224	137
MHU	196	110	196
MIE	88	191	57
MIG	51	102	20
MIH	224	74	54
MIK	219	100	81
MIO	0	103	166
MIR	43	43	186
MIS	142	54	145
MIT	219	131	222
MIU	130	110	49
MIX	158	17	120
MIY	227	201	64
MJU	45	99	79
MKA	65	76	97
MKC	48	207	137
MKG	191	34	90
MKH	191	74	13
MKL	55	142	145
MKN	140	10	140
MKO	29	151	171
MKR	150	45	85
MKT	212	191	129
MKU	148	147	62
MKW	90	173	90
MLB	149	191	117
MLE	74	110	140
MLG	55	50	191
MLH	156	171	137
MLI	154	212	135
MLK	154	212	0
MLL	134	98	140
MLM	100	64	201
MLN	186	136	151
MLO	138	98	196
MLS	242	171	157
MLT	191	154	149
MMA	26	110	108
MMI	255	228	179
MMM	122	28	17
MMQ	34	140	0
MNA	57	32	122
MNB	233	240	206
MNC	235	80	96
MND	232	0	5
MNE	99	99	166
MNG	181	129	105
MNI	173	165	5
MNJ	201	120	38
MNK	28	97	43
MNL	90	110	161
MNM	207	217	89
MNN	135	43	27
MNP	161	24	54
MNS	209	175	155
MNT	235	63	214
MNU	40	89	176
MNY	186	164	76
MNZ	61	76	102
MOD	194	103	152
MOG	179	125	169
MOM	90	117	65
MON	219	44	44
MOO	30	102	14
MOP	175	230	250
MOR	191	110	61
MOS	207	181	97
MOU	217	202	207
MOX	219	242	102
MOY	44	78	153
MOZ	255	217	251
MPC	204	43	51
MPE	79	97	38
MPR	97	43	31
MRA	171	34	34
MRB	232	232	100
MRC	10	242	121
MRH	131	161	242
MRI	232	181	32
MRJ	23	166	105
MRK	82	242	223
MRM	26	12	156
MRN	29	90	222
MRP	150	94	59
MRS	55	69	107
MRT	110	40	252
MRV	95	161	176
MRW	194	110	180
MSB	87	132	153
MSC	221	250	187
MSD	166	212	125
MSG	96	30	235
MSH	171	150	89
MSK	181	201	143
MSL	171	27	75
MSN	148	50	69
MSO	191	171	222
MSP	247	217	0
MSV	201	119	60
MTA	242	102	102
MTB	252	38	38
MTD	122	45	20
MTG	125	116	179
MTH	49	194	235
MTN	13	63	217
MTO	158	147	191
MTR	76	112	50
MTY	68	242	58
MTZ	137	115	158
MUA	92	148	87
MUI	85	112	26
MUL	191	150	130
MUN	207	104	81
MUO	47	67	97
MUR	161	110	90
MUS	91	173	189
MUT	35	50	150
MVA	232	148	16
MWG	189	110	36
MWO	89	28	201
MXT	245	204	137
MYA	40	82	176
MYC	110	84	153
MYH	232	100	120
MYI	222	49	13
MYM	186	80	41
MYO	36	156	158
MZB	153	153	153
MZF	105	191	105
MZJ	54	54	156
MZK	252	0	0
MZN	219	145	88
MZT	186	204	186
MZW	79	110	232
NAA	49	176	176
NAG	16	25	97
NAI	59	49	130
NAM	194	186	95
NAN	191	171	120
NAP	18	96	135
NAS	232	99	242
NAV	148	9	0
NAW	70	125	171
NAX	9	71	97
NBH	171	90	55
NBU	38	100	158
NBY	158	17	20
NCH	7	125	103
NCN	89	135	171
NCZ	232	185	116
NDA	76	19	97
NDN	140	49	39
NDV	144	176	102
NEG	96	107	102
NEK	212	146	133
NEL	181	140	191
NEO	61	70	204
NEU	50	191	101
NEV	196	103	230
NEY	222	20	60
NGD	100	217	166
NGI	191	46	58
NGL	100	59	140
NGM	186	186	110
NGN	20	122	30
NGR	22	97	61
NGU	151	176	49
NGZ	69	110	191
NHS	201	201	60
NID	212	139	129
NIE	240	77	240
NIT	130	171	161
NKD	90	232	116
NKH	99	35	10
NKI	196	196	24
NKJ	150	9	19
NKO	125	214	122
NKW	185	157	227
NLG	76	112	55
NLU	196	196	130
NMB	240	201	255
NMD	48	113	242
NMS	99	56	76
NND	212	144	185
NNN	92	112	86
NOG	0	120	145
NOL	166	38	77
NOO	74	74	150
NOR	117	165	189
NOV	98	128	37
NPG	54	150	24
NPO	36	201	144
NPS	80	212	0
NQS	140	140	140
NRB	255	0	4
NRG	128	30	150
NRI	49	97	47
NRK	12	134	199
NRM	133	140	118
NRP	232	154	151
NRS	63	23	163
NSA	90	82	204
NSD	192	184	204
NSH	90	184	204
NSI	222	181	89
NSL	58	207	58
NSM	170	255	89
NSR	222	49	120
NSS	192	82	204
NST	68	107	65
NSU	178	207	14
NSW	212	161	99
NTA	117	62	156
NTC	201	14	70
NTH	67	176	37
NTK	79	73	209
NTL	232	161	128
NTT	82	82	247
NUE	75	196	176
NUP	212	83	78
NUR	245	113	15
NUT	40	209	87
NUW	81	107	207
NUX	189	84	222
NVK	106	228	235
NVS	214	214	144
NWG	102	76	67
NWN	125	22	59
NWU	196	60	4
NWV	22	41	156
NYA	201	89	217
NYM	157	147	204
NYS	118	148	144
NYZ	120	79	176
NZH	179	71	77
NZN	36	97	42
OAH	67	163	60
OAP	214	149	45
OBA	11	61	97
OBD	0	124	158
OBW	196	67	109
OCT	6	194	22
ODA	224	2	25
ODO	255	248	219
ODW	3	140	255
OEL	140	67	18
OET	156	79	104
OFB	247	175	129
OFO	179	80	142
OGA	59	212	191
OGK	150	179	162
OGL	255	133	215
OGO	161	130	150
OGS	201	125	144
OGU	70	13	97
OHK	189	128	34
OHR	151	232	212
OID	110	181	141
OIL	158	255	211
OIR	204	183	175
OJI	136	53	252
OKE	212	184	159
OKI	125	130	55
OKR	30	151	212
OLD	148	131	118
OMA	98	134	153
OMG	165	141	242
OMT	129	212	147
OND	212	152	158
ONG	117	51	22
ONJ	50	156	36
ONN	194	187	72
ONO	205	255	97
ONW	99	130	191
ONY	89	122	145
OOB	214	174	0
OOW	75	150	50
OPL	117	140	35
OPV	133	24	199
ORA	255	128	0
ORC	60	181	85
ORD	222	230	41
ORE	128	98	37
ORI	212	106	47
ORK	78	111	153
ORL	217	121	139
ORM	235	234	122
ORO	230	203	202
ORQ	191	201	48
ORT	212	13	15
OSG	76	63	140
OSK	144	99	255
OSN	136	139	194
OSS	102	102	102
OSW	252	230	204
OTA	129	235	175
OTL	98	147	191
OTM	125	71	65
OTO	68	127	242
OUA	40	153	60
OUC	217	145	145
OVI	26	130	184
OWO	96	97	47
OXT	31	237	91
OYM	49	156	39
OYO	212	183	178
OZL	67	237	57
OZT	166	227	222
OZU	170	227	190
PAC	255	59	75
PAD	196	106	185
PAH	97	186	171
PAL	57	153	144
PAM	50	97	69
PAN	151	161	59
PAP	212	212	212
PAR	129	204	130
PAV	255	167	156
PCD	124	160	191
PCH	97	46	73
PCJ	126	147	196
PCK	153	26	86
PCO	56	77	112
PCR	84	83	145
PCT	242	122	17
PDB	214	88	77
PDG	40	181	95
PDK	22	122	122
PDN	130	60	166
PDU	255	186	224
PEA	207	35	69
PEG	140	212	160
PEM	164	217	222
PEN	57	247	195
PEO	28	237	199
PEP	121	189	28
PER	232	65	65
PES	0	164	237
PGB	201	135	105
PGL	17	49	97
PGS	97	31	83
PHE	247	188	242
PHY	34	105	161
PIA	22	29	97
PIC	186	186	123
PIE	0	255	177
PIG	91	97	50
PIJ	120	175	204
PIM	163	98	8
PIN	217	191	50
PIO	0	153	255
PIS	179	151	109
PJT	30	71	232
PKR	44	140	14
PKW	140	19	8
PLA	161	66	88
PLB	163	67	149
PLE	173	66	93
PLK	140	45	57
PLL	161	125	130
PLN	252	200	179
PLT	125	45	45
PLY	124	13	222
PMB	46	242	193
PML	230	118	112
PMN	242	58	190
PMS	14	181	92
PNA	191	209	4
PNC	26	59	97
PNI	252	171	28
PNK	168	135	135
PNS	110	76	68
POI	242	116	119
POK	16	113	156
POL	199	91	106
POO	131	91	181
POR	39	110	140
POS	46	242	144
POT	163	84	5
PPK	121	214	51
PPT	161	186	138
PQD	214	48	6
PQT	91	179	141
PRA	242	90	90
PRC	83	166	131
PRK	45	235	177
PRM	237	160	90
PRO	93	160	163
PRT	23	78	99
PRZ	40	60	181
PSA	227	79	92
PSC	35	173	204
PSK	82	125	96
PSS	240	98	135
PST	181	120	80
PSZ	212	150	89
PTC	191	59	156
PTE	105	112	209
PTG	255	214	0
PTL	252	192	196
PTN	115	24	100
PTP	195	224	201
PTW	115	98	64
PTZ	176	161	227
PUA	140	105	39
PUB	0	130	133
PUH	115	115	115
PUK	62	204	61
PUR	176	130	176
PUU	204	87	29
PWS	196	168	98
PYE	140	161	79
PZL	175	63	181
QAN	2	90	212
QBY	75	105	75
QCH	232	166	65
QEQ	13	105	53
QGM	73	36	156
QGS	112	102	61
QHT	85	166	40
QHZ	255	251	158
QIG	189	4	189
QIM	210	83	252
QJG	100	196	196
QLL	20	32	115
QLM	99	27	12
QMG	54	115	88
QOM	107	107	227
QQH	94	75	222
QRP	98	132	189
QTA	70	219	152
QTO	230	73	114
QTR	216	219	178
QUA	15	9	130
QUB	128	124	84
QUL	89	103	227
QUN	50	35	112
QUZ	237	112	104
QYN	130	191	171
RAG	255	255	255
RAN	21	224	232
RAP	0	41	204
RAR	31	97	50
RAV	54	188	214
RAW	62	76	97
RBG	161	119	150
RCB	199	133	24
RCC	87	12	135
RCH	181	142	47
RDL	191	171	109
RDY	12	148	47
REG	222	40	111
RET	166	224	216
RGG	0	127	232
RGM	115	34	135
RGS	135	90	39
RGT	99	255	18
RIE	252	0	0
RIG	184	177	196
RIM	255	186	82
RJI	23	45	99
RJR	5	97	14
RKK	68	97	20
RKL	255	154	54
RKS	201	104	217
RND	242	39	141
RNG	227	129	201
RNK	121	90	232
RNP	56	99	87
ROS	118	128	176
ROT	212	15	15
ROU	93	131	245
RPP	121	201	95
RRU	102	45	9
RSH	222	90	232
RSO	230	223	76
RST	255	224	194
RTB	227	184	143
RTP	66	128	119
RUA	255	0	20
RUP	138	48	67
RUT	201	212	49
RVA	108	139	230
RVB	222	135	20
RWA	214	161	17
RYA	148	136	77
RYL	255	255	56
RZB	255	249	115
RZH	204	78	43
SAA	76	112	104
SAB	181	141	91
SAG	161	130	74
SAK	240	205	74
SAL	87	55	179
SAM	61	112	95
SAN	206	116	247
SAO	255	201	13
SAU	97	36	28
SAV	194	83	124
SAW	201	171	109
SAY	242	131	214
SBA	0	164	176
SBG	222	150	33
SBL	140	46	103
SBU	130	69	99
SBY	130	80	65
SBZ	20	122	35
SCB	166	90	127
SCI	201	95	38
SCL	201	197	48
SCO	199	152	10
SDG	58	201	201
SDQ	255	161	164
SDR	181	181	40
SDZ	255	190	0
SED	85	161	201
SEN	224	205	162
SER	181	24	24
SFA	250	140	15
SFC	201	160	109
SFR	150	74	161
SGE	202	222	29
SGH	161	140	125
SGL	171	171	171
SGN	128	122	40
SGR	99	181	69
SGS	196	100	75
SGT	39	150	14
SGU	80	212	171
SGZ	186	145	89
SHB	201	186	115
SHG	105	49	145
SHH	4	143	212
SHJ	242	75	100
SHK	230	168	163
SHM	255	204	43
SHN	88	186	199
SHO	60	171	151
SHP	194	184	204
SHR	169	227	7
SHS	200	212	224
SIB	181	161	80
SIC	102	102	0
SIE	106	112	55
SIG	201	217	150
SIH	223	222	255
SII	143	12	145
SIK	181	133	242
SIT	144	240	134
SIZ	48	38	166
SKA	42	121	189
SKE	191	191	69
SKI	181	181	9
SKK	93	181	76
SKL	114	12	199
SKN	213	232	111
SKR	189	252	169
SKT	201	150	54
SKY	55	112	196
SLA	43	201	28
SLD	222	191	29
SLE	247	103	94
SLI	191	54	191
SLK	255	253	84
SLL	211	175	250
SLM	240	86	228
SLN	91	107	74
SLP	101	126	186
SLT	191	155	140
SLV	0	150	255
SLZ	130	110	8
SMA	47	99	23
SMB	201	196	38
SMD	229	242	206
SME	22	158	57
SMG	105	44	130
SMI	252	209	20
SML	202	212	30
SMO	106	161	42
SMS	156	166	50
SMV	69	176	89
SMZ	101	49	143
SND	124	53	222
SNG	222	40	40
SNP	112	102	81
SNT	45	78	125
SOA	0	201	201
SOB	232	49	67
SOH	154	54	255
SOK	161	144	141
SOL	31	120	116
SOM	122	15	30
SON	62	176	152
SOO	13	31	97
SOR	68	81	130
SOS	255	255	240
SOT	222	104	120
SOU	232	95	158
SOY	0	26	252
SPB	255	135	144
SPG	150	89	59
SPL	97	28	28
SPN	201	176	48
SPO	217	65	73
SPY	138	223	255
SQH	139	65	191
SRA	71	222	77
SRB	207	212	19
SRC	135	156	224
SRG	247	99	0
SRM	230	69	11
SRU	0	125	12
SRV	97	207	255
SSG	24	88	204
SSH	46	140	88
SSI	36	57	224
SSK	199	36	65
SSP	138	121	121
STC	191	191	13
STD	73	70	105
STE	32	120	58
STG	117	106	77
STK	1	135	96
STN	34	130	171
STP	133	95	186
STR	82	158	196
STS	122	214	190
STU	151	222	60
STV	184	95	166
STW	255	133	200
STY	59	128	59
STZ	134	162	163
SUC	73	128	46
SUE	30	50	212
SUK	157	125	255
SUL	90	166	145
SUN	31	131	135
SUR	145	127	71
SUT	207	164	140
SUW	80	191	181
SVA	11	227	112
SVO	173	252	78
SWB	97	29	29
SWD	110	30	41
SWE	0	104	166
SWH	39	90	163
SWI	153	121	107
SWR	230	109	94
SWT	14	12	97
SWZ	97	92	60
SXI	71	117	66
SXM	0	125	45
SYE	242	102	102
SYG	50	171	50
SYN	7	138	48
SYU	232	202	14
SYY	90	90	173
SYZ	255	64	61
SZG	191	40	131
SZH	104	161	115
SZI	69	161	69
SZL	75	173	179
SZU	85	130	60
TAA	44	191	46
TAE	237	255	31
TAI	69	255	129
TAK	29	49	222
TAL	182	217	160
TAM	118	186	13
TAN	54	150	90
TAO	99	58	52
TAR	158	17	19
TAT	145	143	217
TAV	175	201	79
TAX	136	247	186
TAZ	176	166	90
TBA	201	212	150
TBG	14	222	235
TBK	159	224	201
TBY	222	0	212
TCC	189	173	224
TCH	135	162	176
TCK	145	44	145
TCP	97	61	8
TCQ	161	158	138
TCY	235	196	157
TDE	247	47	209
TDG	92	122	20
TDJ	83	73	204
TDO	125	124	20
TEE	146	137	250
TEG	97	62	43
TEK	57	97	95
TEL	70	97	10
TEM	242	107	217
TEN	55	153	80
TEO	214	128	45
TEP	148	128	35
TER	176	232	63
TES	71	44	107
TET	72	97	0
TEU	104	107	106
TEY	168	95	45
TFK	148	255	153
TFL	140	45	100
TGG	181	120	100
TGH	95	110	54
TGR	59	59	140
TGS	176	80	186
TGT	90	141	191
TGU	97	70	64
TGY	206	89	222
THD	191	150	99
THE	0	242	61
THM	158	128	2
THO	168	130	207
THP	82	184	222
THS	39	242	59
THT	235	218	134
THU	66	127	158
TIB	178	209	207
TID	134	186	186
TIM	214	0	39
TIO	219	158	20
TIR	171	43	21
TJP	39	64	135
TKD	235	84	5
TKE	158	92	74
TKI	85	83	163
TKM	140	60	10
TKN	181	90	191
TKO	222	100	80
TKR	255	240	125
TKS	122	194	37
TKU	21	122	140
TLA	59	120	122
TLE	56	161	101
TLG	48	133	76
TLL	218	128	255
TLM	120	191	131
TLN	14	190	227
TLO	227	184	255
TLP	132	151	191
TLQ	186	149	136
TLT	148	202	214
TLW	80	242	202
TLX	149	150	21
TLY	245	252	141
TLZ	163	180	212
TMB	231	232	60
TMC	148	81	144
TMD	181	130	9
TMG	2	99	45
TMH	148	23	173
TMK	110	212	115
TML	247	92	35
TMN	97	26	47
TMR	49	181	232
TMS	154	210	245
TMT	207	215	255
TMW	72	199	123
TNA	250	135	152
TNC	48	150	21
TND	176	250	157
TNG	232	214	7
TNI	255	99	18
TNK	169	131	201
TNL	21	52	97
TNN	55	56	97
TNO	120	60	40
TNP	207	207	64
TNQ	135	85	217
TNT	155	168	157
TNX	209	242	255
TNZ	25	40	145
TOA	171	3	75
TOG	61	204	201
TOH	130	245	235
TOJ	209	177	19
TON	252	242	106
TOO	217	43	109
TOQ	79	171	9
TOR	201	201	201
TOS	191	59	69
TOT	48	49	122
TOU	122	11	30
TOV	227	14	96
TOY	49	181	90
TOZ	180	132	196
TPA	44	171	44
TPC	97	39	78
TPG	130	100	30
TPH	237	124	38
TPL	30	150	146
TPN	204	142	250
TPQ	111	142	209
TPS	11	64	176
TPT	255	235	128
TPX	218	219	242
TPY	184	132	162
TRA	212	207	171
TRB	166	166	22
TRC	4	112	209
TRE	40	166	159
TRF	196	121	90
TRG	69	130	191
TRI	209	104	44
TRK	163	94	31
TRN	79	97	77
TRO	96	128	96
TRP	129	204	96
TRS	87	148	113
TRT	111	2	153
TRV	219	39	39
TRY	204	197	82
TSA	70	57	191
TSE	151	196	240
TSG	138	214	255
TSK	119	150	114
TSM	181	29	49
TSN	82	227	168
TSO	242	98	41
TST	245	219	10
TSW	255	212	218
TTA	195	212	250
TTC	94	138	91
TTE	102	41	51
TTL	142	153	38
TTN	255	240	240
TTR	0	145	58
TTS	127	114	212
TTY	135	9	118
TTZ	20	97	23
TUA	47	181	133
TUB	212	171	121
TUC	201	14	123
TUJ	171	151	50
TUL	235	77	77
TUN	148	136	58
TUP	207	122	138
TUR	126	204	120
TUT	140	241	255
TUV	135	74	68
TUZ	190	237	128
TVE	136	158	184
TVS	87	148	87
TVY	115	5	13
TWA	130	110	74
TWI	29	122	29
TWK	51	92	88
TWN	114	138	98
TXI	90	150	125
TXP	48	25	97
TYR	214	164	101
TYY	102	61	71
TZC	137	228	240
TZE	95	184	135
TZH	60	97	72
TZI	142	160	245
TZL	189	119	34
TZM	219	127	210
TZP	39	97	59
TZU	209	65	71
TZW	102	50	30
TZZ	44	189	201
UAU	128	255	207
UAY	166	146	98
UBH	23	97	22
UBL	163	8	199
UBV	18	102	153
UDE	191	80	191
UEN	95	207	50
UES	201	201	201
UFF	156	153	126
UGH	135	47	133
UGL	214	64	74
UGW	73	204	147
UGX	184	158	2
UJJ	237	146	40
ULA	95	176	101
ULC	59	64	191
ULM	204	204	204
ULS	230	116	34
UMA	150	235	177
UMH	106	189	204
UMO	106	245	22
UNA	40	66	97
UNL	104	143	124
UNN	29	181	59
URB	60	153	181
URC	189	129	17
URI	255	223	87
URY	177	198	224
UTB	130	89	69
UTN	224	184	96
UTR	224	199	63
VAL	64	157	219
VAZ	224	191	180
VBG	79	120	184
VBK	56	114	214
VDK	123	184	59
VDM	217	37	37
VDU	223	255	0
VDZ	145	130	176
VED	217	44	232
VEL	191	130	90
VEN	54	168	157
VER	0	156	255
VEZ	252	243	177
VID	184	149	207
VIJ	247	197	22
VIL	247	5	26
VIN	201	201	16
VLD	240	111	17
VLN	106	142	247
VLR	111	166	176
VLS	66	104	184
VLT	250	204	30
VNA	85	11	97
VND	135	168	118
VNT	212	19	20
VOH	156	65	204
VOL	207	37	37
VRD	230	213	32
VTN	161	14	35
VUD	245	12	98
VUN	168	2	19
VYA	0	102	54
VYT	109	165	232
WAD	232	21	59
WAG	61	102	41
WAI	97	20	20
WAL	80	159	242
WAN	217	183	87
WAR	18	99	130
WAS	171	60	97
WBG	148	147	106
WCH	191	211	222
WCM	252	147	20
WDB	252	234	187
WDE	201	181	129
WDG	145	150	50
WEA	153	101	184
WEI	247	218	218
WER	175	184	204
WGE	171	136	75
WGG	153	49	204
WGH	41	43	97
WGO	201	101	91
WHL	90	120	161
WIE	161	130	109
WKH	255	228	23
WLD	0	48	255
WLS	116	126	173
WMA	222	94	40
WMG	97	43	59
WMO	145	191	176
WNA	79	27	222
WNG	20	45	140
WNT	68	150	201
WOL	237	179	17
WPW	209	69	74
WRC	56	54	153
WRG	55	97	44
WRK	97	47	87
WRM	84	96	247
WRN	0	255	128
WRO	68	242	100
WSA	130	109	104
WSK	121	201	140
WSZ	120	10	140
WTG	222	35	76
WTZ	181	22	128
WUN	191	44	191
WUR	111	163	128
WUU	125	86	199
WZH	29	181	90
WZZ	65	63	212
XAL	98	49	222
XAP	229	186	255
XAU	252	230	255
XCG	128	66	24
XCH	240	250	245
XCP	128	255	182
XCT	50	97	78
XDA	60	65	186
XHO	59	130	49
XIC	130	244	255
XIH	144	209	232
XIL	242	225	203
XIN	132	29	222
XIU	93	237	90
XIX	199	28	51
XLG	29	161	100
XLL	204	121	6
XLT	133	222	206
XNG	150	120	95
XNL	50	171	130
XOC	227	172	184
XOL	209	132	146
XSY	75	59	161
XTA	84	55	3
XUM	137	173	118
YAB	222	60	80
YAH	222	197	205
YAK	135	155	237
YAL	100	149	237
YAM	212	212	140
YAN	31	112	10
YAO	130	30	71
YAP	62	10	97
YAQ	128	32	49
YAR	131	141	242
YAS	240	125	125
YAT	76	232	23
YAU	250	182	235
YAW	150	105	125
YCH	142	215	245
YDR	26	150	134
YDZ	48	89	122
YEH	32	176	54
YEM	217	193	132
YGS	191	161	120
YII	207	104	17
YJI	65	161	166
YKG	189	68	137
YMG	63	97	47
YMN	140	72	128
YMS	112	71	72
YMT	255	79	43
YNG	201	201	135
YNH	60	29	196
YNJ	74	104	150
YNL	150	161	109
YNN	222	192	111
YOH	129	201	194
YOK	161	71	69
YPZ	48	148	201
YRM	97	61	49
YRV	12	166	75
YSM	19	120	212
YSN	176	120	171
YSR	100	181	20
YSU	112	61	61
YUA	14	41	204
YUK	96	97	23
YUS	97	13	43
YYG	50	191	131
YZO	201	105	191
ZAB	59	171	34
ZAC	97	67	8
ZAG	97	75	20
ZAI	78	88	97
ZAM	166	34	179
ZAN	81	143	85
ZAP	158	117	119
ZAQ	121	171	217
ZAT	191	164	235
ZAZ	118	113	133
ZBR	255	54	255
ZCT	255	251	166
ZCZ	250	170	197
ZEE	186	193	217
ZEN	11	118	122
ZEZ	181	43	43
ZFI	143	194	186
ZGH	149	252	154
ZGL	19	60	161
ZGW	55	171	65
ZHU	50	217	50
ZIB	212	207	161
ZIE	86	13	112
ZIG	0	242	231
ZIN	160	152	250
ZIP	204	186	0
ZLD	9	150	150
ZMR	60	156	31
ZMW	255	211	0
ZNI	230	161	16
ZNK	109	196	104
ZNN	217	80	151
ZNX	171	59	19
ZNZ	97	71	50
ZOM	132	194	224
ZOO	40	166	100
ZRQ	91	173	87
ZUB	151	82	235
ZUR	31	141	207
ZUT	80	158	204
ZWE	252	188	0
ZYI	151	171	50
ZZB	204	247	129
ZZR	156	156	54
ZZZ	140	21	59
a_fat_roog_religion	51	49	44
abu_religion	70	43	153
abwoi_religion	86	65	100
adamawa_religion	60	40	5
adat_musi_religion	75	115	170
adat_puun_religion	220	100	35
ainu_religion	201	197	124
ajok_religion	178	210	221
akan_religion	163	40	25
akinha_ekugu_religion	32	187	201
akuj_religion	130	150	216
alan_paganism	0	114	27
aluk_religion	220	30	30
andamanese_religion	95	160	90
anglican	135	77	255
anitism_religion	123	122	20
anna_religion	227	162	167
arat_sabulungan_religion	100	50	7
arosi_religion	59	120	67
arutam_religion	27	147	100
asis_religion	140	255	200
atakapa_religion	184	183	153
badimo_religion	220	105	120
bahnar_religion	200	195	60
banda_religion	130	67	47
bantu_religion	97	67	81
banunut_religion	180	90	15
bathou_religion	140	120	15
besavik_religion	140	45	15
bimoism	205	104	18
blang_religion	80	220	115
bogomilism	252	0	72
bon	10	235	255
bori_religion	138	22	59
bosnian_church	153	117	134
bru_religion	130	90	60
bua_religion	25	74	34
buton_religion	209	203	31
buyli_religion	171	160	31
cahita_religion	163	98	9
calvinist	76	76	229
catharism	180	180	230
catholic	178	127	0
cebil_religion	214	217	176
chango_religion	29	215	57
chanka_religion	229	79	103
cheke_holo_religion	85	15	147
chibcha_religion	179	82	34
chichimecah_religion	69	96	10
chincha_religion	248	42	86
chukchi_shamanism	156	57	213
chutia_religion	170	205	205
coahuilteco_religion	100	36	36
cwezi_religion	57	61	204
degar_religion	200	65	140
dene_religion	74	63	84
dene_shamanism	18	27	152
dene_totemism	168	252	27
dimasa_religion	210	175	20
dogon_religion	201	78	21
doi_wahire_religion	169	199	163
dongba_religion	175	60	90
donyi_polo_religion	55	150	90
dreamtime_religion	62	104	83
druzism	77	179	26
dua_nggae_religion	20	125	15
ebore_religion	61	50	45
emit_religion	41	36	5
enggano_religion	170	200	30
erzya_religion	206	60	63
eso_religion	10	24	52
fang_religion	69	178	47
fomba_gasy_religion	224	191	180
formosan_religion	180	150	65
geno_religion	245	135	25
ghari_religion	37	25	215
godala_religion	20	40	100
goma_religion	230	235	175
gorontalo_religion	205	130	215
gos_religion	37	203	236
gosain_religion	100	75	35
great_plains_shamanism	252	194	5
guanche_religion	191	160	20
guasave_religion	50	3	96
hani_religion	170	130	75
hellenism_religion	249	206	173
hindu	255	126	40
hmongism	41	64	76
hussite	244	55	9
ibadi	15	152	10
ijaw_religion	45	94	60
imunu_religion	42	76	124
inti	64	115	115
inuit_religion	21	132	102
ipok_religion	41	89	174
iroquoian_totemism	155	105	18
irritila_religion	189	236	182
isese_religion	211	184	179
itaukei_religion	99	98	92
jai_religion	191	240	116
jain	231	169	20
jama_religion	59	146	135
jingpo_religion	175	85	105
jino_religion	160	25	50
juang_religion	85	85	50
judaism	90	112	153
jurema_religion	2	178	85
ka_niam_khasi_religion	195	50	80
kachina_religion	21	79	3
kaggen_religion	215	75	55
kaharingan_religion	220	50	120
kajoor_ri_majel_religion	49	152	252
kalge_religion	174	13	13
kam_religion	31	69	96
kan_khwan_religion	60	130	180
kanak_religion	96	121	166
karachay_balkar_paganism	100	11	127
karama_religion	55	170	65
karankawa_religion	87	166	57
karbi_religion	50	120	220
karen_religion	210	30	50
kenos_religion	143	76	170
khabzeism	145	124	87
kharia_religion	115	10	30
khond_religion	210	195	45
kilyikhama_religion	33	33	170
kirat_mundhum_religion	165	35	115
kirin_koda_religion	210	15	90
koch_religion	70	150	150
kolano_religion	176	232	64
komi_paganism	220	114	127
koyapunem_religion	103	150	54
kundism_religion	180	180	110
kuru_masaba_religion	47	52	57
lahu_religion	185	195	40
lamatuan_religion	40	55	165
lamoa_religion	185	55	105
lenca_religion	175	202	91
lezgin_paganism	145	14	132
lisu_religion	195	105	60
lollardy	234	121	51
lugbara_religion	57	178	247
lutheran	0	0	178
maasai_religion	157	248	160
mahayana	204	76	127
maleiwa_religion	103	4	195
maleku_religion	13	64	62
malesung_religion	205	15	75
mandeaism	128	191	77
manichaeism	252	252	144
maonan_religion	130	126	80
marapu_religion	75	135	205
mari_paganism	127	150	150
mayan	83	72	19
mbori_religion	207	205	144
mesoamerican	127	25	178
miaphysite	178	38	76
midewiwin_religion	74	109	32
minangkabau_religion	40	150	15
mishmi_religion	170	150	90
mississippian_ceremonial	105	170	198
mitu_religion	175	25	175
mizo_religion	40	165	100
moism	191	0	145
moksha_religion	255	85	153
momolianism_religion	239	209	59
monpa_religion	160	25	55
mororuma_religion	70	9	249
mu_ngava_religion	191	168	49
muinaisusko	174	200	80
muisca_religion	122	171	216
mulam_religion	60	30	80
muong_religion	48	67	96
muonyjang_religion	154	166	39
musala_religion	49	102	80
naa_wuni_religion	96	43	31
nacuco_religion	132	13	226
naga_religion	50	175	175
nahuatl	64	115	64
nallagdigua_religion	255	167	70
namandu_religion	112	142	208
naoma_religion	70	254	129
natugu_religion	68	92	122
naurus_religion	70	110	185
naylamp_religion	203	121	8
nduke_religion	204	67	147
nestorianism	255	108	180
ngacang_religion	250	205	230
ngbandi_religion	130	47	34
nhaala_religion	93	82	16
nicobarese_religion	195	60	90
norse	191	191	191
nu_religion	50	180	230
nuo_religion	170	150	50
nyama_religion	100	87	57
nyang_serai_religion	205	150	15
nyasaye_religion	174	24	66
nyesoa_religion	65	43	36
obian_paganism	217	100	50
odinala_religion	49	96	48
omo_religion	211	0	175
orang_asli_religion	145	120	80
orang_laut_religion	230	180	90
orang_rimba_religion	20	90	10
ori_religion	251	167	156
orthodox	121	53	140
pabichu_religion	138	44	190
paiute_shamanism	75	20	38
palaung_religion	7	125	10
paulicianism	216	36	144
pava_religion	143	80	252
pech_religion	102	104	87
pelebegu_religion	200	50	10
pengarap_asal_religion	220	150	35
pericu_religion	213	48	50
pi_religion	223	109	14
piil_pesenggiri_religion	205	90	190
pomo_shamanism	165	180	200
puntan_religion	108	44	239
qat_religion	211	200	151
rabha_religion	70	65	100
rebba_religion	178	227	232
rmaism	76	199	127
rogo_miki_religion	27	128	45
romuva	87	77	82
salishan_totemism	65	180	100
samaritanism	26	204	204
sammitiya	175	90	50
samoyedic_paganism	91	100	245
sanamahism	252	127	115
sangirese_religion	75	130	55
sanjiao	214	229	140
sao_religion	240	67	139
sapmi_shamanism	252	209	22
sarna_religion	190	145	195
satsana_phi	19	115	145
sedang_religion	85	160	200
seri_religion	235	106	14
shamanism	127	50	50
shia	27	174	20
shinto	204	0	0
sikhism	0	153	153
sinu_religion	12	117	121
songhai_religion	62	175	151
songsarek_religion	220	120	90
sora_religion	195	60	75
strigolniki	255	252	184
sui_religion	114	87	46
sula_religion	155	80	205
sunni	21	155	97
suwo_religion	8	192	219
tain_feyentun_religion	204	44	52
tapu_religion	227	165	56
tengri	25	76	217
tepehuan_religion	236	124	38
theravada	232	123	70
tibetan_buddhism	177	207	205
tiwa_religion	215	135	35
tokelauan_religion	191	168	215
tokuah_religion	172	82	207
tolaki_religion	60	150	30
tolotang_religion	75	20	130
tomanuru_religion	200	30	85
totemism	127	115	115
tungusic_shamanism	127	61	56
tunpa_religion	42	174	101
txapakura_religion	160	114	222
udmurt_paganism	191	220	145
umina_religion	170	146	75
utaki_religion	90	138	133
vaghua_religion	201	108	40
vainakh_paganism	45	214	32
vedda_religion	229	184	227
vodun_religion	17	44	7
votian_religion	0	154	255
wa_religion	170	60	97
waaqeffanna_religion	227	202	231
waldensian	102	51	128
wan_aisa_religion	204	10	10
warao_religion	16	152	250
wetarese_religion	125	160	25
wu_religion	190	150	170
yage_religion	16	77	59
yanolop_religion	248	36	109
yao_religion	100	100	165
yastay_religion	93	102	152
yazidism	51	51	179
yopo_religion	140	211	84
yukaghir_shamanism	34	178	221
yuman_religion	59	131	189
yupik_shamanism	244	195	90
zemi_religion	118	60	40
zoroastrian	1	32	104
